ApplicationException, TimeGenerated [UTC]
1, 11/23/2022 11:12:00.000 PM
2, 11/23/2022 11:18:00.000 PM
1, 11/23/2022 11:20:00.000 PM
1, 11/23/2022 11:22:00.000 PM
1, 11/23/2022 11:24:00.000 PM
1, 11/23/2022 11:26:00.000 PM
1, 11/23/2022 11:28:00.000 PM
1, 11/23/2022 11:30:00.000 PM
2, 11/23/2022 11:32:00.000 PM
2, 11/23/2022 11:34:00.000 PM
2, 11/23/2022 11:36:00.000 PM
1, 11/23/2022 11:40:00.000 PM
2, 11/23/2022 11:42:00.000 PM
2, 11/23/2022 11:44:00.000 PM
1, 11/23/2022 11:46:00.000 PM
2, 11/23/2022 11:48:00.000 PM
2, 11/23/2022 11:50:00.000 PM
2, 11/23/2022 11:52:00.000 PM
2, 11/23/2022 11:54:00.000 PM
2, 11/23/2022 11:56:00.000 PM
2, 11/23/2022 11:58:00.000 PM
2, 11/24/2022 12:00:00.000 AM
2, 11/24/2022 12:02:00.000 AM
2, 11/24/2022 12:04:00.000 AM
2, 11/24/2022 12:06:00.000 AM
2, 11/24/2022 12:08:00.000 AM
2, 11/24/2022 12:10:00.000 AM
2, 11/24/2022 12:12:00.000 AM
2, 11/24/2022 12:14:00.000 AM
2, 11/24/2022 12:16:00.000 AM
2, 11/24/2022 12:18:00.000 AM
2, 11/24/2022 12:20:00.000 AM
2, 11/24/2022 12:22:00.000 AM
2, 11/24/2022 12:24:00.000 AM
2, 11/24/2022 12:26:00.000 AM
2, 11/24/2022 12:28:00.000 AM
2, 11/24/2022 12:30:00.000 AM
2, 11/24/2022 12:32:00.000 AM
2, 11/24/2022 12:34:00.000 AM
2, 11/24/2022 12:36:00.000 AM
2, 11/24/2022 12:38:00.000 AM
2, 11/24/2022 12:40:00.000 AM
2, 11/24/2022 12:42:00.000 AM
2, 11/24/2022 12:44:00.000 AM
2, 11/24/2022 12:46:00.000 AM
2, 11/24/2022 12:48:00.000 AM
2, 11/24/2022 12:50:00.000 AM
2, 11/24/2022 12:52:00.000 AM
2, 11/24/2022 12:54:00.000 AM
2, 11/24/2022 12:56:00.000 AM
2, 11/24/2022 12:58:00.000 AM
2, 11/24/2022 1:00:00.000 AM
2, 11/24/2022 1:02:00.000 AM
2, 11/24/2022 1:04:00.000 AM
2, 11/24/2022 1:06:00.000 AM
2, 11/24/2022 1:08:00.000 AM
2, 11/24/2022 1:10:00.000 AM
2, 11/24/2022 1:12:00.000 AM
2, 11/24/2022 1:14:00.000 AM
2, 11/24/2022 1:16:00.000 AM
2, 11/24/2022 1:18:00.000 AM
2, 11/24/2022 1:20:00.000 AM
2, 11/24/2022 1:22:00.000 AM
2, 11/24/2022 1:24:00.000 AM
2, 11/24/2022 1:26:00.000 AM
2, 11/24/2022 1:28:00.000 AM
2, 11/24/2022 1:30:00.000 AM
2, 11/24/2022 1:32:00.000 AM
2, 11/24/2022 1:34:00.000 AM
2, 11/24/2022 1:36:00.000 AM
2, 11/24/2022 1:38:00.000 AM
2, 11/24/2022 1:40:00.000 AM
2, 11/24/2022 1:42:00.000 AM
2, 11/24/2022 1:44:00.000 AM
2, 11/24/2022 1:46:00.000 AM
2, 11/24/2022 1:48:00.000 AM
2, 11/24/2022 1:50:00.000 AM
2, 11/24/2022 1:52:00.000 AM
2, 11/24/2022 1:54:00.000 AM
2, 11/24/2022 1:56:00.000 AM
2, 11/24/2022 1:58:00.000 AM
2, 11/24/2022 2:00:00.000 AM
2, 11/24/2022 2:02:00.000 AM
2, 11/24/2022 2:04:00.000 AM
2, 11/24/2022 2:06:00.000 AM
2, 11/24/2022 2:08:00.000 AM
2, 11/24/2022 2:10:00.000 AM
2, 11/24/2022 2:12:00.000 AM
2, 11/24/2022 2:14:00.000 AM
2, 11/24/2022 2:16:00.000 AM
2, 11/24/2022 2:18:00.000 AM
2, 11/24/2022 2:20:00.000 AM
2, 11/24/2022 2:22:00.000 AM
2, 11/24/2022 2:24:00.000 AM
2, 11/24/2022 2:26:00.000 AM
2, 11/24/2022 2:28:00.000 AM
2, 11/24/2022 2:30:00.000 AM
2, 11/24/2022 2:32:00.000 AM
2, 11/24/2022 2:34:00.000 AM
2, 11/24/2022 2:36:00.000 AM
2, 11/24/2022 2:38:00.000 AM
2, 11/24/2022 2:40:00.000 AM
2, 11/24/2022 2:42:00.000 AM
2, 11/24/2022 2:44:00.000 AM
2, 11/24/2022 2:46:00.000 AM
2, 11/24/2022 2:48:00.000 AM
2, 11/24/2022 2:50:00.000 AM
2, 11/24/2022 2:52:00.000 AM
2, 11/24/2022 2:54:00.000 AM
2, 11/24/2022 2:56:00.000 AM
2, 11/24/2022 2:58:00.000 AM
2, 11/24/2022 3:00:00.000 AM
2, 11/24/2022 3:02:00.000 AM
2, 11/24/2022 3:04:00.000 AM
2, 11/24/2022 3:06:00.000 AM
2, 11/24/2022 3:08:00.000 AM
2, 11/24/2022 3:10:00.000 AM
2, 11/24/2022 3:12:00.000 AM
2, 11/24/2022 3:14:00.000 AM
2, 11/24/2022 3:16:00.000 AM
2, 11/24/2022 3:18:00.000 AM
2, 11/24/2022 3:20:00.000 AM
2, 11/24/2022 3:22:00.000 AM
2, 11/24/2022 3:24:00.000 AM
2, 11/24/2022 3:26:00.000 AM
2, 11/24/2022 3:28:00.000 AM
2, 11/24/2022 3:30:00.000 AM
2, 11/24/2022 3:32:00.000 AM
2, 11/24/2022 3:34:00.000 AM
2, 11/24/2022 3:36:00.000 AM
2, 11/24/2022 3:38:00.000 AM
2, 11/24/2022 3:40:00.000 AM
2, 11/24/2022 3:42:00.000 AM
2, 11/24/2022 3:44:00.000 AM
2, 11/24/2022 3:46:00.000 AM
2, 11/24/2022 3:48:00.000 AM
2, 11/24/2022 3:50:00.000 AM
2, 11/24/2022 3:52:00.000 AM
2, 11/24/2022 3:54:00.000 AM
2, 11/24/2022 3:56:00.000 AM
2, 11/24/2022 3:58:00.000 AM
2, 11/24/2022 4:00:00.000 AM
2, 11/24/2022 4:02:00.000 AM
2, 11/24/2022 4:04:00.000 AM
2, 11/24/2022 4:06:00.000 AM
2, 11/24/2022 4:08:00.000 AM
2, 11/24/2022 4:10:00.000 AM
2, 11/24/2022 4:12:00.000 AM
2, 11/24/2022 4:14:00.000 AM
2, 11/24/2022 4:16:00.000 AM
2, 11/24/2022 4:18:00.000 AM
2, 11/24/2022 4:20:00.000 AM
2, 11/24/2022 4:22:00.000 AM
2, 11/24/2022 4:24:00.000 AM
2, 11/24/2022 4:26:00.000 AM
2, 11/24/2022 4:28:00.000 AM
2, 11/24/2022 4:30:00.000 AM
2, 11/24/2022 4:32:00.000 AM
2, 11/24/2022 4:34:00.000 AM
2, 11/24/2022 4:36:00.000 AM
2, 11/24/2022 4:38:00.000 AM
2, 11/24/2022 4:40:00.000 AM
2, 11/24/2022 4:42:00.000 AM
2, 11/24/2022 4:44:00.000 AM
2, 11/24/2022 4:46:00.000 AM
2, 11/24/2022 4:48:00.000 AM
2, 11/24/2022 4:50:00.000 AM
2, 11/24/2022 4:52:00.000 AM
2, 11/24/2022 4:54:00.000 AM
2, 11/24/2022 4:56:00.000 AM
2, 11/24/2022 4:58:00.000 AM
2, 11/24/2022 5:00:00.000 AM
2, 11/24/2022 5:02:00.000 AM
2, 11/24/2022 5:04:00.000 AM
2, 11/24/2022 5:06:00.000 AM
2, 11/24/2022 5:08:00.000 AM
2, 11/24/2022 5:10:00.000 AM
2, 11/24/2022 5:12:00.000 AM
2, 11/24/2022 5:14:00.000 AM
2, 11/24/2022 5:16:00.000 AM
2, 11/24/2022 5:18:00.000 AM
2, 11/24/2022 5:20:00.000 AM
2, 11/24/2022 5:22:00.000 AM
2, 11/24/2022 5:24:00.000 AM
2, 11/24/2022 5:26:00.000 AM
2, 11/24/2022 5:28:00.000 AM
2, 11/24/2022 5:30:00.000 AM
2, 11/24/2022 5:32:00.000 AM
2, 11/24/2022 5:34:00.000 AM
2, 11/24/2022 5:36:00.000 AM
2, 11/24/2022 5:38:00.000 AM
2, 11/24/2022 5:40:00.000 AM
2, 11/24/2022 5:42:00.000 AM
2, 11/24/2022 5:44:00.000 AM
2, 11/24/2022 5:46:00.000 AM
2, 11/24/2022 5:48:00.000 AM
2, 11/24/2022 5:50:00.000 AM
2, 11/24/2022 5:52:00.000 AM
2, 11/24/2022 5:54:00.000 AM
2, 11/24/2022 5:56:00.000 AM
2, 11/24/2022 5:58:00.000 AM
2, 11/24/2022 6:00:00.000 AM
2, 11/24/2022 6:02:00.000 AM
2, 11/24/2022 6:04:00.000 AM
2, 11/24/2022 6:06:00.000 AM
2, 11/24/2022 6:08:00.000 AM
2, 11/24/2022 6:10:00.000 AM
2, 11/24/2022 6:12:00.000 AM
2, 11/24/2022 6:14:00.000 AM
2, 11/24/2022 6:16:00.000 AM
2, 11/24/2022 6:18:00.000 AM
2, 11/24/2022 6:20:00.000 AM
2, 11/24/2022 6:22:00.000 AM
2, 11/24/2022 6:24:00.000 AM
2, 11/24/2022 6:26:00.000 AM
2, 11/24/2022 6:28:00.000 AM
2, 11/24/2022 6:30:00.000 AM
2, 11/24/2022 6:32:00.000 AM
2, 11/24/2022 6:34:00.000 AM
2, 11/24/2022 6:36:00.000 AM
2, 11/24/2022 6:38:00.000 AM
2, 11/24/2022 6:40:00.000 AM
2, 11/24/2022 6:42:00.000 AM
2, 11/24/2022 6:44:00.000 AM
2, 11/24/2022 6:46:00.000 AM
2, 11/24/2022 6:48:00.000 AM
2, 11/24/2022 6:50:00.000 AM
2, 11/24/2022 6:52:00.000 AM
2, 11/24/2022 6:54:00.000 AM
2, 11/24/2022 6:56:00.000 AM
2, 11/24/2022 6:58:00.000 AM
2, 11/24/2022 7:00:00.000 AM
2, 11/24/2022 7:02:00.000 AM
2, 11/24/2022 7:04:00.000 AM
2, 11/24/2022 7:06:00.000 AM
2, 11/24/2022 7:08:00.000 AM
2, 11/24/2022 7:10:00.000 AM
2, 11/24/2022 7:12:00.000 AM
2, 11/24/2022 7:14:00.000 AM
2, 11/24/2022 7:16:00.000 AM
2, 11/24/2022 7:18:00.000 AM
2, 11/24/2022 7:20:00.000 AM
2, 11/24/2022 7:22:00.000 AM
2, 11/24/2022 7:24:00.000 AM
2, 11/24/2022 7:26:00.000 AM
2, 11/24/2022 7:28:00.000 AM
2, 11/24/2022 7:30:00.000 AM
2, 11/24/2022 7:32:00.000 AM
2, 11/24/2022 7:34:00.000 AM
2, 11/24/2022 7:36:00.000 AM
2, 11/24/2022 7:38:00.000 AM
2, 11/24/2022 7:40:00.000 AM
2, 11/24/2022 7:42:00.000 AM
2, 11/24/2022 7:44:00.000 AM
2, 11/24/2022 7:46:00.000 AM
2, 11/24/2022 7:48:00.000 AM
2, 11/24/2022 7:50:00.000 AM
2, 11/24/2022 7:52:00.000 AM
2, 11/24/2022 7:54:00.000 AM
2, 11/24/2022 7:56:00.000 AM
2, 11/24/2022 7:58:00.000 AM
2, 11/24/2022 8:00:00.000 AM
2, 11/24/2022 8:02:00.000 AM
2, 11/24/2022 8:04:00.000 AM
2, 11/24/2022 8:06:00.000 AM
2, 11/24/2022 8:08:00.000 AM
2, 11/24/2022 8:10:00.000 AM
2, 11/24/2022 8:12:00.000 AM
2, 11/24/2022 8:14:00.000 AM
2, 11/24/2022 8:16:00.000 AM
2, 11/24/2022 8:18:00.000 AM
2, 11/24/2022 8:20:00.000 AM
1, 11/24/2022 8:22:00.000 AM
